dateTime;totalFiles;totalLines
2019-01-29 11:13:13.548187;41;1719
2019-01-29 15:58:50.415573;46;1946
2019-01-30 09:50:06.637403;46;1967
2019-01-31 22:41:59.969515;52;2194
2019-02-04 13:20:55.639695;55;2333
2019-02-06 15:54:50.948819;73;3676
2019-02-06 22:24:01.652071;73;3682
2019-02-07 22:21:07.786258;73;3672
2019-02-08 22:17:34.359847;73;3672
2019-02-09 22:53:33.019186;72;3670
2019-02-09 23:32:27.468943;72;3678
2019-02-10 12:54:32.171412;74;3782
2019-02-10 20:09:00.105312;80;3922
2019-02-10 21:21:24.481296;81;3989
2019-02-11 22:07:31.011536;87;4202
2019-02-12 08:42:18.293836;87;4252
2019-02-12 22:14:46.154253;87;4303
2019-02-13 22:32:05.815046;92;4429
2019-02-14 21:41:28.042866;94;4654
2019-02-17 12:15:11.211976;100;5001
2019-02-17 18:02:48.918809;100;5228
2019-02-17 20:16:30.987944;101;5590
2019-02-18 21:59:05.709763;107;6403
2019-02-23 08:26:16.867343;108;6510
2019-02-23 13:46:07.458711;109;6551
2019-02-28 22:33:20.266036;126;7689
2019-03-01 20:51:31.189531;127;7722
2019-03-04 08:08:53.844388;131;8006
2019-03-04 16:20:46.220171;132;8211
2019-03-05 13:51:57.091182;132;8402
2019-03-05 19:29:52.296210;138;8785
2019-03-05 22:42:40.237857;138;8866
2019-03-06 10:31:07.727670;142;9118
2019-03-06 14:14:08.537900;144;9395
2019-03-06 22:09:27.313928;146;9674
2019-03-07 20:42:12.269341;146;9825
2019-03-08 22:29:10.072307;146;11001
2019-03-09 21:57:46.972829;146;10952
2019-03-09 23:07:10.428488;146;11050
2019-03-10 19:43:53.598214;150;11418
2019-03-12 22:44:12.445379;151;11669
2019-03-16 09:36:26.390982;163;11927
2019-03-16 23:25:50.516068;176;12000
2019-03-17 16:48:29.927260;177;12079
2019-03-21 17:51:46.329597;193;12575
2019-03-22 22:24:22.142890;194;12419
2019-03-23 13:43:09.896820;194;12420
2019-03-24 13:50:51.615971;201;12866
2019-03-27 16:01:26.546315;203;13103
2019-03-29 13:46:00.662789;205;13195
2019-03-31 08:38:13.795273;210;13390
2019-03-31 18:28:02.158584;217;13530
2019-04-02 22:35:36.476958;217;13537
2019-04-03 22:55:42.308868;217;13537
2019-04-06 22:28:46.876065;210;13416
2019-04-11 20:56:30.665270;233;14166
2019-04-11 21:44:35.631715;233;14166
2019-04-14 17:03:44.816151;240;14782
2019-04-17 22:45:06.588783;242;14815
2019-04-17 23:20:13.725421;256;15630
