dateTime;totalFiles;totalLines
2019-03-22 22:24:22.201397;13;817
2019-03-23 13:43:09.988300;16;968
2019-03-24 13:50:51.715579;21;1185
2019-03-27 16:01:26.668119;21;1185
2019-03-29 13:46:00.789087;21;1185
2019-03-31 08:38:13.885104;21;1185
2019-03-31 18:28:02.252207;21;1185
2019-04-02 22:35:36.579554;21;1185
2019-04-03 22:55:42.448494;21;1185
2019-04-06 22:28:46.941856;21;1185
2019-04-11 20:56:30.764755;21;1185
2019-04-11 21:44:35.713012;21;1185
2019-04-14 17:03:44.936989;21;1185
2019-04-17 22:45:06.726673;21;1185
2019-04-17 23:20:13.776402;21;1185
2019-04-19 07:24:41.994102;21;1185
2019-04-24 23:21:54.464219;21;1185
2019-04-25 22:41:36.326323;21;1185
2019-04-27 16:18:03.384559;21;1185
2019-04-27 23:24:38.334274;21;1185
2019-04-28 10:04:58.312159;21;1185
2019-04-28 18:35:07.792734;21;1185
2019-04-29 22:12:28.262698;21;1185
2019-05-01 12:39:54.018516;21;1185
2019-05-01 17:01:07.997746;21;1185
2019-05-01 20:39:11.533359;21;1185
2019-05-18 16:28:04.430176;21;1185
